Web Search interest: neutrino; graphene; magnetoresistance; bill clinton
Worldwide; 2004 - present

Interest over time
Week,neutrino,graphene,magnetoresistance,bill clinton
2004-01-04 - 2004-01-10,9,0,0,13
2004-01-11 - 2004-01-17,6,0,0,17
2004-01-18 - 2004-01-24,8,0,0,16
2004-01-25 - 2004-01-31,6,0,0,15
2004-02-01 - 2004-02-07,6,0,0,13
2004-02-08 - 2004-02-14,5,0,0,16
2004-02-15 - 2004-02-21,5,0,0,17
2004-02-22 - 2004-02-28,6,0,0,14
2004-02-29 - 2004-03-06,5,0,0,16
2004-03-07 - 2004-03-13,5,0,0,12
2004-03-14 - 2004-03-20,6,0,0,15
2004-03-21 - 2004-03-27,7,0,0,16
2004-03-28 - 2004-04-03,6,0,0,15
2004-04-04 - 2004-04-10,7,0,0,12
2004-04-11 - 2004-04-17,7,0,0,15
2004-04-18 - 2004-04-24,7,0,0,15
2004-04-25 - 2004-05-01,5,0,0,19
2004-05-02 - 2004-05-08,6,0,0,17
2004-05-09 - 2004-05-15,6,0,0,16
2004-05-16 - 2004-05-22,6,0,0,18
2004-05-23 - 2004-05-29,4,0,0,17
2004-05-30 - 2004-06-05,6,0,0,19
2004-06-06 - 2004-06-12,6,0,0,23
2004-06-13 - 2004-06-19,5,0,0,37
2004-06-20 - 2004-06-26,6,0,0,78
2004-06-27 - 2004-07-03,5,0,0,33
2004-07-04 - 2004-07-10,5,0,0,18
2004-07-11 - 2004-07-17,5,0,0,21
2004-07-18 - 2004-07-24,5,0,0,18
2004-07-25 - 2004-07-31,4,0,0,42
2004-08-01 - 2004-08-07,5,0,0,23
2004-08-08 - 2004-08-14,4,0,0,16
2004-08-15 - 2004-08-21,4,0,0,14
2004-08-22 - 2004-08-28,5,0,0,13
2004-08-29 - 2004-09-04,4,0,0,36
2004-09-05 - 2004-09-11,4,0,0,44
2004-09-12 - 2004-09-18,7,0,0,19
2004-09-19 - 2004-09-25,5,0,0,16
2004-09-26 - 2004-10-02,6,0,0,18
2004-10-03 - 2004-10-09,5,0,0,18
2004-10-10 - 2004-10-16,6,0,0,18
2004-10-17 - 2004-10-23,5,0,0,19
2004-10-24 - 2004-10-30,4,0,0,31
2004-10-31 - 2004-11-06,5,0,0,34
2004-11-07 - 2004-11-13,5,0,0,16
2004-11-14 - 2004-11-20,4,0,0,23
2004-11-21 - 2004-11-27,5,0,0,15
2004-11-28 - 2004-12-04,6,0,0,14
2004-12-05 - 2004-12-11,3,0,0,17
2004-12-12 - 2004-12-18,5,0,0,13
2004-12-19 - 2004-12-25,5,0,0,10
2004-12-26 - 2005-01-01,5,0,0,8
2005-01-02 - 2005-01-08,5,0,0,14
2005-01-09 - 2005-01-15,5,0,0,12
2005-01-16 - 2005-01-22,3,0,0,14
2005-01-23 - 2005-01-29,4,0,0,13
2005-01-30 - 2005-02-05,5,0,0,16
2005-02-06 - 2005-02-12,5,0,0,14
2005-02-13 - 2005-02-19,4,0,0,13
2005-02-20 - 2005-02-26,4,0,0,14
2005-02-27 - 2005-03-05,4,0,0,13
2005-03-06 - 2005-03-12,5,0,0,18
2005-03-13 - 2005-03-19,5,0,0,13
2005-03-20 - 2005-03-26,4,0,0,12
2005-03-27 - 2005-04-02,3,0,0,11
2005-04-03 - 2005-04-09,5,0,0,13
2005-04-10 - 2005-04-16,4,0,0,13
2005-04-17 - 2005-04-23,5,0,0,12
2005-04-24 - 2005-04-30,4,0,0,13
2005-05-01 - 2005-05-07,4,0,0,14
2005-05-08 - 2005-05-14,4,0,0,12
2005-05-15 - 2005-05-21,4,0,0,13
2005-05-22 - 2005-05-28,4,0,0,13
2005-05-29 - 2005-06-04,4,0,0,12
2005-06-05 - 2005-06-11,4,0,0,11
2005-06-12 - 2005-06-18,3,0,0,10
2005-06-19 - 2005-06-25,3,0,0,9
2005-06-26 - 2005-07-02,4,0,0,8
2005-07-03 - 2005-07-09,4,0,0,7
2005-07-10 - 2005-07-16,4,0,0,8
2005-07-17 - 2005-07-23,3,0,0,8
2005-07-24 - 2005-07-30,3,0,0,7
2005-07-31 - 2005-08-06,3,0,0,7
2005-08-07 - 2005-08-13,2,0,0,9
2005-08-14 - 2005-08-20,3,0,0,11
2005-08-21 - 2005-08-27,3,0,0,9
2005-08-28 - 2005-09-03,3,0,0,10
2005-09-04 - 2005-09-10,3,0,0,13
2005-09-11 - 2005-09-17,3,0,0,11
2005-09-18 - 2005-09-24,3,0,0,14
2005-09-25 - 2005-10-01,3,0,0,10
2005-10-02 - 2005-10-08,4,0,0,12
2005-10-09 - 2005-10-15,4,0,0,12
2005-10-16 - 2005-10-22,3,0,0,12
2005-10-23 - 2005-10-29,3,0,0,13
2005-10-30 - 2005-11-05,4,0,0,14
2005-11-06 - 2005-11-12,4,0,0,12
2005-11-13 - 2005-11-19,3,0,0,13
2005-11-20 - 2005-11-26,3,0,0,9
2005-11-27 - 2005-12-03,4,0,0,12
2005-12-04 - 2005-12-10,4,0,0,13
2005-12-11 - 2005-12-17,4,0,0,10
2005-12-18 - 2005-12-24,4,0,0,9
2005-12-25 - 2005-12-31,4,0,0,7
2006-01-01 - 2006-01-07,5,0,0,8
2006-01-08 - 2006-01-14,4,0,0,9
2006-01-15 - 2006-01-21,4,0,0,9
2006-01-22 - 2006-01-28,4,0,0,10
2006-01-29 - 2006-02-04,3,0,0,10
2006-02-05 - 2006-02-11,3,0,0,12
2006-02-12 - 2006-02-18,4,0,0,11
2006-02-19 - 2006-02-25,5,0,0,11
2006-02-26 - 2006-03-04,4,0,0,12
2006-03-05 - 2006-03-11,5,0,0,11
2006-03-12 - 2006-03-18,4,0,0,10
2006-03-19 - 2006-03-25,3,0,0,10
2006-03-26 - 2006-04-01,4,0,0,10
2006-04-02 - 2006-04-08,3,0,0,9
2006-04-09 - 2006-04-15,3,0,0,8
2006-04-16 - 2006-04-22,4,0,0,8
2006-04-23 - 2006-04-29,3,0,0,12
2006-04-30 - 2006-05-06,3,0,0,12
2006-05-07 - 2006-05-13,3,0,0,12
2006-05-14 - 2006-05-20,3,0,0,11
2006-05-21 - 2006-05-27,4,0,0,11
2006-05-28 - 2006-06-03,5,0,0,9
2006-06-04 - 2006-06-10,5,0,0,8
2006-06-11 - 2006-06-17,4,0,0,7
2006-06-18 - 2006-06-24,4,0,0,5
2006-06-25 - 2006-07-01,3,0,0,6
2006-07-02 - 2006-07-08,3,1,0,6
2006-07-09 - 2006-07-15,2,0,0,7
2006-07-16 - 2006-07-22,3,0,0,8
2006-07-23 - 2006-07-29,2,0,0,9
2006-07-30 - 2006-08-05,3,0,0,7
2006-08-06 - 2006-08-12,3,0,0,6
2006-08-13 - 2006-08-19,3,0,0,9
2006-08-20 - 2006-08-26,4,0,0,8
2006-08-27 - 2006-09-02,3,0,0,7
2006-09-03 - 2006-09-09,3,0,0,11
2006-09-10 - 2006-09-16,3,0,0,11
2006-09-17 - 2006-09-23,3,0,0,14
2006-09-24 - 2006-09-30,2,0,0,52
2006-10-01 - 2006-10-07,3,0,0,17
2006-10-08 - 2006-10-14,2,0,0,11
2006-10-15 - 2006-10-21,2,0,0,12
2006-10-22 - 2006-10-28,3,0,0,10
2006-10-29 - 2006-11-04,2,0,0,12
2006-11-05 - 2006-11-11,3,1,0,14
2006-11-12 - 2006-11-18,3,0,0,10
2006-11-19 - 2006-11-25,3,0,0,7
2006-11-26 - 2006-12-02,2,0,0,8
2006-12-03 - 2006-12-09,3,0,0,10
2006-12-10 - 2006-12-16,2,0,0,9
2006-12-17 - 2006-12-23,3,0,0,8
2006-12-24 - 2006-12-30,3,0,0,7
2006-12-31 - 2007-01-06,3,0,0,8
2007-01-07 - 2007-01-13,3,0,0,8
2007-01-14 - 2007-01-20,3,0,0,8
2007-01-21 - 2007-01-27,3,0,0,13
2007-01-28 - 2007-02-03,3,0,0,9
2007-02-04 - 2007-02-10,3,0,0,9
2007-02-11 - 2007-02-17,2,0,0,9
2007-02-18 - 2007-02-24,3,0,0,9
2007-02-25 - 2007-03-03,3,1,0,9
2007-03-04 - 2007-03-10,3,1,0,10
2007-03-11 - 2007-03-17,3,1,0,9
2007-03-18 - 2007-03-24,3,0,0,9
2007-03-25 - 2007-03-31,3,0,0,10
2007-04-01 - 2007-04-07,3,0,0,9
2007-04-08 - 2007-04-14,3,0,0,8
2007-04-15 - 2007-04-21,3,1,0,9
2007-04-22 - 2007-04-28,3,0,0,10
2007-04-29 - 2007-05-05,3,0,0,10
2007-05-06 - 2007-05-12,3,0,0,11
2007-05-13 - 2007-05-19,3,0,0,11
2007-05-20 - 2007-05-26,3,0,0,10
2007-05-27 - 2007-06-02,3,0,0,8
2007-06-03 - 2007-06-09,3,0,0,9
2007-06-10 - 2007-06-16,3,0,0,7
2007-06-17 - 2007-06-23,3,0,0,8
2007-06-24 - 2007-06-30,3,0,0,7
2007-07-01 - 2007-07-07,2,0,0,9
2007-07-08 - 2007-07-14,3,0,0,6
2007-07-15 - 2007-07-21,2,1,0,6
2007-07-22 - 2007-07-28,3,1,0,6
2007-07-29 - 2007-08-04,2,0,0,7
2007-08-05 - 2007-08-11,3,0,0,7
2007-08-12 - 2007-08-18,4,1,0,6
2007-08-19 - 2007-08-25,3,0,0,6
2007-08-26 - 2007-09-01,3,1,0,7
2007-09-02 - 2007-09-08,3,0,0,12
2007-09-09 - 2007-09-15,3,0,0,9
2007-09-16 - 2007-09-22,3,0,0,10
2007-09-23 - 2007-09-29,3,0,0,11
2007-09-30 - 2007-10-06,3,0,0,11
2007-10-07 - 2007-10-13,3,0,3,10
2007-10-14 - 2007-10-20,3,0,1,9
2007-10-21 - 2007-10-27,3,1,0,10
2007-10-28 - 2007-11-03,3,0,0,11
2007-11-04 - 2007-11-10,3,0,0,10
2007-11-11 - 2007-11-17,3,1,0,9
2007-11-18 - 2007-11-24,3,0,0,9
2007-11-25 - 2007-12-01,4,0,0,10
2007-12-02 - 2007-12-08,3,0,0,11
2007-12-09 - 2007-12-15,3,0,0,11
2007-12-16 - 2007-12-22,3,0,0,11
2007-12-23 - 2007-12-29,3,0,0,7
2007-12-30 - 2008-01-05,3,0,0,12
2008-01-06 - 2008-01-12,3,1,0,23
2008-01-13 - 2008-01-19,2,1,0,15
2008-01-20 - 2008-01-26,2,0,0,27
2008-01-27 - 2008-02-02,2,0,0,25
2008-02-03 - 2008-02-09,2,1,0,23
2008-02-10 - 2008-02-16,2,0,0,19
2008-02-17 - 2008-02-23,2,1,0,18
2008-02-24 - 2008-03-01,2,1,0,17
2008-03-02 - 2008-03-08,2,0,0,16
2008-03-09 - 2008-03-15,2,1,0,13
2008-03-16 - 2008-03-22,2,1,0,13
2008-03-23 - 2008-03-29,2,1,0,13
2008-03-30 - 2008-04-05,2,1,0,14
2008-04-06 - 2008-04-12,2,1,0,11
2008-04-13 - 2008-04-19,2,2,0,11
2008-04-20 - 2008-04-26,2,1,0,14
2008-04-27 - 2008-05-03,2,1,0,14
2008-05-04 - 2008-05-10,2,1,0,13
2008-05-11 - 2008-05-17,2,1,0,12
2008-05-18 - 2008-05-24,2,1,0,10
2008-05-25 - 2008-05-31,2,1,0,10
2008-06-01 - 2008-06-07,2,1,0,25
2008-06-08 - 2008-06-14,1,1,0,11
2008-06-15 - 2008-06-21,2,0,0,8
2008-06-22 - 2008-06-28,2,1,0,8
2008-06-29 - 2008-07-05,2,0,0,7
2008-07-06 - 2008-07-12,2,1,0,6
2008-07-13 - 2008-07-19,1,1,0,5
2008-07-20 - 2008-07-26,1,1,0,5
2008-07-27 - 2008-08-02,1,1,0,6
2008-08-03 - 2008-08-09,2,1,0,7
2008-08-10 - 2008-08-16,1,0,0,6
2008-08-17 - 2008-08-23,1,1,0,6
2008-08-24 - 2008-08-30,1,1,0,41
2008-08-31 - 2008-09-06,1,1,0,12
2008-09-07 - 2008-09-13,2,1,0,11
2008-09-14 - 2008-09-20,1,1,0,10
2008-09-21 - 2008-09-27,2,1,0,20
2008-09-28 - 2008-10-04,2,1,0,17
2008-10-05 - 2008-10-11,1,1,0,13
2008-10-12 - 2008-10-18,1,1,0,12
2008-10-19 - 2008-10-25,1,1,0,13
2008-10-26 - 2008-11-01,2,1,0,18
2008-11-02 - 2008-11-08,1,1,0,27
2008-11-09 - 2008-11-15,2,1,0,12
2008-11-16 - 2008-11-22,2,1,0,12
2008-11-23 - 2008-11-29,1,1,0,8
2008-11-30 - 2008-12-06,1,1,0,11
2008-12-07 - 2008-12-13,2,1,0,8
2008-12-14 - 2008-12-20,1,1,0,8
2008-12-21 - 2008-12-27,1,1,0,6
2008-12-28 - 2009-01-03,2,0,0,5
2009-01-04 - 2009-01-10,2,1,0,7
2009-01-11 - 2009-01-17,1,1,0,8
2009-01-18 - 2009-01-24,1,1,0,17
2009-01-25 - 2009-01-31,1,1,0,8
2009-02-01 - 2009-02-07,1,1,0,7
2009-02-08 - 2009-02-14,1,1,0,7
2009-02-15 - 2009-02-21,1,1,0,9
2009-02-22 - 2009-02-28,1,1,0,8
2009-03-01 - 2009-03-07,2,1,0,7
2009-03-08 - 2009-03-14,2,1,0,6
2009-03-15 - 2009-03-21,1,1,0,6
2009-03-22 - 2009-03-28,1,1,0,7
2009-03-29 - 2009-04-04,2,1,0,6
2009-04-05 - 2009-04-11,1,1,0,6
2009-04-12 - 2009-04-18,1,1,0,6
2009-04-19 - 2009-04-25,1,1,0,7
2009-04-26 - 2009-05-02,2,1,0,7
2009-05-03 - 2009-05-09,1,1,0,7
2009-05-10 - 2009-05-16,1,1,0,7
2009-05-17 - 2009-05-23,1,1,0,8
2009-05-24 - 2009-05-30,1,1,0,8
2009-05-31 - 2009-06-06,1,1,0,7
2009-06-07 - 2009-06-13,1,1,0,5
2009-06-14 - 2009-06-20,1,1,0,6
2009-06-21 - 2009-06-27,1,1,0,6
2009-06-28 - 2009-07-04,1,1,0,4
2009-07-05 - 2009-07-11,1,3,0,5
2009-07-12 - 2009-07-18,1,1,0,6
2009-07-19 - 2009-07-25,1,1,0,5
2009-07-26 - 2009-08-01,1,1,0,5
2009-08-02 - 2009-08-08,1,1,0,24
2009-08-09 - 2009-08-15,1,1,0,9
2009-08-16 - 2009-08-22,1,1,0,7
2009-08-23 - 2009-08-29,1,1,0,7
2009-08-30 - 2009-09-05,1,1,0,6
2009-09-06 - 2009-09-12,1,1,0,6
2009-09-13 - 2009-09-19,1,1,0,7
2009-09-20 - 2009-09-26,1,1,0,10
2009-09-27 - 2009-10-03,1,1,0,7
2009-10-04 - 2009-10-10,1,1,0,7
2009-10-11 - 2009-10-17,1,1,0,6
2009-10-18 - 2009-10-24,1,1,0,5
2009-10-25 - 2009-10-31,1,1,0,6
2009-11-01 - 2009-11-07,1,1,0,8
2009-11-08 - 2009-11-14,1,1,0,6
2009-11-15 - 2009-11-21,2,1,0,6
2009-11-22 - 2009-11-28,2,1,0,5
2009-11-29 - 2009-12-05,2,1,0,6
2009-12-06 - 2009-12-12,2,1,0,6
2009-12-13 - 2009-12-19,2,1,0,6
2009-12-20 - 2009-12-26,1,1,0,5
2009-12-27 - 2010-01-02,1,1,0,4
2010-01-03 - 2010-01-09,2,1,0,5
2010-01-10 - 2010-01-16,1,1,0,11
2010-01-17 - 2010-01-23,1,1,0,9
2010-01-24 - 2010-01-30,2,1,0,7
2010-01-31 - 2010-02-06,1,2,0,7
2010-02-07 - 2010-02-13,2,2,0,24
2010-02-14 - 2010-02-20,2,1,0,8
2010-02-21 - 2010-02-27,1,1,0,7
2010-02-28 - 2010-03-06,2,1,0,6
2010-03-07 - 2010-03-13,2,1,0,5
2010-03-14 - 2010-03-20,2,1,0,5
2010-03-21 - 2010-03-27,1,1,0,8
2010-03-28 - 2010-04-03,1,1,0,5
2010-04-04 - 2010-04-10,1,1,0,6
2010-04-11 - 2010-04-17,1,1,0,7
2010-04-18 - 2010-04-24,1,1,0,7
2010-04-25 - 2010-05-01,1,1,0,8
2010-05-02 - 2010-05-08,1,1,0,7
2010-05-09 - 2010-05-15,1,1,0,6
2010-05-16 - 2010-05-22,1,1,0,7
2010-05-23 - 2010-05-29,1,1,0,7
2010-05-30 - 2010-06-05,2,1,0,6
2010-06-06 - 2010-06-12,1,1,0,5
2010-06-13 - 2010-06-19,1,1,0,4
2010-06-20 - 2010-06-26,1,1,0,7
2010-06-27 - 2010-07-03,1,1,0,6
2010-07-04 - 2010-07-10,1,1,0,4
2010-07-11 - 2010-07-17,1,1,0,5
2010-07-18 - 2010-07-24,1,1,0,5
2010-07-25 - 2010-07-31,1,1,0,8
2010-08-01 - 2010-08-07,1,1,0,13
2010-08-08 - 2010-08-14,1,1,0,6
2010-08-15 - 2010-08-21,1,1,0,6
2010-08-22 - 2010-08-28,1,1,0,5
2010-08-29 - 2010-09-04,1,1,0,5
2010-09-05 - 2010-09-11,1,1,0,5
2010-09-12 - 2010-09-18,1,2,0,8
2010-09-19 - 2010-09-25,1,1,0,11
2010-09-26 - 2010-10-02,1,2,0,9
2010-10-03 - 2010-10-09,1,18,0,7
2010-10-10 - 2010-10-16,1,5,0,8
2010-10-17 - 2010-10-23,1,3,0,8
2010-10-24 - 2010-10-30,1,3,0,8
2010-10-31 - 2010-11-06,1,3,0,9
2010-11-07 - 2010-11-13,2,3,0,7
2010-11-14 - 2010-11-20,1,3,0,8
2010-11-21 - 2010-11-27,1,2,0,5
2010-11-28 - 2010-12-04,1,3,0,6
2010-12-05 - 2010-12-11,1,2,0,8
2010-12-12 - 2010-12-18,1,2,0,8
2010-12-19 - 2010-12-25,1,2,0,5
2010-12-26 - 2011-01-01,1,2,0,4
2011-01-02 - 2011-01-08,1,2,0,6
2011-01-09 - 2011-01-15,1,2,0,5
2011-01-16 - 2011-01-22,2,2,0,5
2011-01-23 - 2011-01-29,2,2,0,6
2011-01-30 - 2011-02-05,1,2,0,5
2011-02-06 - 2011-02-12,1,2,0,5
2011-02-13 - 2011-02-19,1,2,0,6
2011-02-20 - 2011-02-26,1,2,0,7
2011-02-27 - 2011-03-05,1,2,0,5
2011-03-06 - 2011-03-12,1,2,0,5
2011-03-13 - 2011-03-19,1,2,0,6
2011-03-20 - 2011-03-26,1,2,0,6
2011-03-27 - 2011-04-02,1,2,0,6
2011-04-03 - 2011-04-09,1,2,0,6
2011-04-10 - 2011-04-16,1,2,0,5
2011-04-17 - 2011-04-23,1,2,0,5
2011-04-24 - 2011-04-30,1,2,0,5
2011-05-01 - 2011-05-07,1,2,0,7
2011-05-08 - 2011-05-14,1,2,0,6
2011-05-15 - 2011-05-21,1,3,0,7
2011-05-22 - 2011-05-28,1,4,0,7
2011-05-29 - 2011-06-04,1,2,0,6
2011-06-05 - 2011-06-11,1,3,0,6
2011-06-12 - 2011-06-18,1,2,0,5
2011-06-19 - 2011-06-25,1,2,0,5
2011-06-26 - 2011-07-02,1,2,0,5
2011-07-03 - 2011-07-09,1,2,0,4
2011-07-10 - 2011-07-16,1,2,0,4
2011-07-17 - 2011-07-23,1,2,0,5
2011-07-24 - 2011-07-30,1,2,0,5
2011-07-31 - 2011-08-06,1,2,0,5
2011-08-07 - 2011-08-13,1,3,0,4
2011-08-14 - 2011-08-20,1,2,0,7
2011-08-21 - 2011-08-27,1,2,0,6
2011-08-28 - 2011-09-03,1,3,0,6
2011-09-04 - 2011-09-10,1,2,0,5
2011-09-11 - 2011-09-17,1,2,0,6
2011-09-18 - 2011-09-24,25,3,0,8
2011-09-25 - 2011-10-01,24,2,0,6
2011-10-02 - 2011-10-08,9,4,0,5
2011-10-09 - 2011-10-15,6,3,0,8
2011-10-16 - 2011-10-22,5,2,0,12
2011-10-23 - 2011-10-29,4,2,0,6
2011-10-30 - 2011-11-05,3,3,0,6
2011-11-06 - 2011-11-12,3,2,0,10
2011-11-13 - 2011-11-19,6,3,0,7
2011-11-20 - 2011-11-26,5,3,0,6
2011-11-27 - 2011-12-03,3,3,0,7
2011-12-04 - 2011-12-10,3,3,0,6
2011-12-11 - 2011-12-17,3,2,0,5
2011-12-18 - 2011-12-24,3,2,0,7
2011-12-25 - 2011-12-31,3,2,0,5
2012-01-01 - 2012-01-07,2,3,0,5
2012-01-08 - 2012-01-14,3,2,0,6
2012-01-15 - 2012-01-21,2,2,0,7
2012-01-22 - 2012-01-28,2,3,0,7
2012-01-29 - 2012-02-04,2,3,0,5
2012-02-05 - 2012-02-11,2,3,0,5
2012-02-12 - 2012-02-18,2,3,0,6
2012-02-19 - 2012-02-25,4,3,0,9
2012-02-26 - 2012-03-03,2,3,0,6
2012-03-04 - 2012-03-10,2,3,0,5
2012-03-11 - 2012-03-17,2,3,0,5
2012-03-18 - 2012-03-24,2,3,0,5
2012-03-25 - 2012-03-31,2,3,0,5
2012-04-01 - 2012-04-07,2,2,0,5
2012-04-08 - 2012-04-14,2,3,0,5
2012-04-15 - 2012-04-21,2,3,0,8
2012-04-22 - 2012-04-28,2,3,0,7
2012-04-29 - 2012-05-05,2,3,0,10
2012-05-06 - 2012-05-12,1,3,0,8
2012-05-13 - 2012-05-19,1,3,0,8
2012-05-20 - 2012-05-26,1,3,0,13
2012-05-27 - 2012-06-02,1,3,0,9
2012-06-03 - 2012-06-09,2,2,0,9
2012-06-10 - 2012-06-16,1,2,0,6
2012-06-17 - 2012-06-23,1,2,0,5
2012-06-24 - 2012-06-30,1,2,0,4
2012-07-01 - 2012-07-07,2,3,0,5
2012-07-08 - 2012-07-14,1,3,0,5
2012-07-15 - 2012-07-21,1,2,0,7
2012-07-22 - 2012-07-28,1,2,0,6
2012-07-29 - 2012-08-04,1,2,0,9
2012-08-05 - 2012-08-11,1,2,0,7
2012-08-12 - 2012-08-18,1,2,0,7
2012-08-19 - 2012-08-25,1,2,0,7
2012-08-26 - 2012-09-01,1,2,0,9
2012-09-02 - 2012-09-08,1,2,0,100
2012-09-09 - 2012-09-15,1,3,0,21
2012-09-16 - 2012-09-22,2,3,0,14
2012-09-23 - 2012-09-29,1,3,0,14
2012-09-30 - 2012-10-06,1,2,0,11
2012-10-07 - 2012-10-13,1,3,0,11
2012-10-14 - 2012-10-20,1,3,0,14
2012-10-21 - 2012-10-27,1,2,0,12
2012-10-28 - 2012-11-03,1,2,0,13
2012-11-04 - 2012-11-10,1,2,0,26
2012-11-11 - 2012-11-17,1,2,0,11
2012-11-18 - 2012-11-24,1,2,0,9
2012-11-25 - 2012-12-01,1,3,0,7
2012-12-02 - 2012-12-08,1,3,0,7
2012-12-09 - 2012-12-15,1,3,0,7
2012-12-16 - 2012-12-22,1,3,0,6
2012-12-23 - 2012-12-29,1,4,0,6
2012-12-30 - 2013-01-05,1,3,0,9
2013-01-06 - 2013-01-12,1,3,0,6
2013-01-13 - 2013-01-19,1,6,0,11
2013-01-20 - 2013-01-26,1,4,0,15
2013-01-27 - 2013-02-02,1,6,0,8
2013-02-03 - 2013-02-09,1,4,0,7
2013-02-10 - 2013-02-16,1,3,0,6
2013-02-17 - 2013-02-23,1,4,0,6
2013-02-24 - 2013-03-02,1,4,0,5
2013-03-03 - 2013-03-09,1,4,0,6
2013-03-10 - 2013-03-16,1,5,0,6
2013-03-17 - 2013-03-23,1,5,0,5
2013-03-24 - 2013-03-30,1,6,0,5
2013-03-31 - 2013-04-06,1,4,0,5
2013-04-07 - 2013-04-13,1,4,0,7
2013-04-14 - 2013-04-20,1,4,0,7
2013-04-21 - 2013-04-27,1,4,0,9
2013-04-28 - 2013-05-04,1,5,0,7
2013-05-05 - 2013-05-11,1,4,0,7
2013-05-12 - 2013-05-18,1,3,0,6
2013-05-19 - 2013-05-25,1,4,0,6
2013-05-26 - 2013-06-01,1,4,0,6
2013-06-02 - 2013-06-08,1,5,0,7
2013-06-09 - 2013-06-15,1,4,0,7
2013-06-16 - 2013-06-22,1,4,0,5
2013-06-23 - 2013-06-29,1,3,0,5
2013-06-30 - 2013-07-06,1,3,0,4
2013-07-07 - 2013-07-13,1,3,0,7
2013-07-14 - 2013-07-20,1,6,0,5
2013-07-21 - 2013-07-27,1,4,0,7
2013-07-28 - 2013-08-03,1,3,0,7
2013-08-04 - 2013-08-10,1,4,0,7
2013-08-11 - 2013-08-17,1,3,0,7
2013-08-18 - 2013-08-24,1,4,0,7
2013-08-25 - 2013-08-31,1,4,0,6
2013-09-01 - 2013-09-07,1,3,0,6
2013-09-08 - 2013-09-14,1,4,0,6
2013-09-15 - 2013-09-21,1,4,0,5
2013-09-22 - 2013-09-28,1,4,0,10
2013-09-29 - 2013-10-05,1,4,0,8
2013-10-06 - 2013-10-12,1,5,0,6
2013-10-13 - 2013-10-19,1,4,0,6
2013-10-20 - 2013-10-26,1,4,0,6
2013-10-27 - 2013-11-02,1,4,0,5
2013-11-03 - 2013-11-09,1,4,0,6
2013-11-10 - 2013-11-16,1,4,0,8
2013-11-17 - 2013-11-23,2,5,0,8
2013-11-24 - 2013-11-30,2,4,0,5
2013-12-01 - 2013-12-07,1,4,0,7
2013-12-08 - 2013-12-14,1,4,0,7
2013-12-15 - 2013-12-21,1,4,0,5
2013-12-22 - 2013-12-28,1,3,0,4
2013-12-29 - 2014-01-04,1,3,0,5
2014-01-05 - 2014-01-11,1,4,0,5
2014-01-12 - 2014-01-18,1,4,0,6
2014-01-19 - 2014-01-25,1,4,0,6
2014-01-26 - 2014-02-01,1,4,0,6
2014-02-02 - 2014-02-08,1,4,0,10
2014-02-09 - 2014-02-15,1,4,0,8
2014-02-16 - 2014-02-22,1,4,0,8
2014-02-23 - 2014-03-01,1,4,0,7
2014-03-02 - 2014-03-08,1,4,0,7
2014-03-09 - 2014-03-15,1,4,0,5
2014-03-16 - 2014-03-22,1,4,0,5
2014-03-23 - 2014-03-29,1,4,0,6
2014-03-30 - 2014-04-05,1,4,0,8
2014-04-06 - 2014-04-12,1,5,0,8
2014-04-13 - 2014-04-19,2,8,0,6
2014-04-20 - 2014-04-26,2,7,0,6
2014-04-27 - 2014-05-03,1,5,0,7
2014-05-04 - 2014-05-10,1,5,0,11
2014-05-11 - 2014-05-17,1,5,0,7
2014-05-18 - 2014-05-24,1,4,0,6
2014-05-25 - 2014-05-31,1,5,0,6
2014-06-01 - 2014-06-07,1,4,0,6
2014-06-08 - 2014-06-14,1,4,0,7
2014-06-15 - 2014-06-21,1,3,0,5
2014-06-22 - 2014-06-28,1,4,0,5
2014-06-29 - 2014-07-05,1,3,0,6
2014-07-06 - 2014-07-12,1,3,0,6
2014-07-13 - 2014-07-19,1,4,0,8
2014-07-20 - 2014-07-26,1,3,0,10
2014-07-27 - 2014-08-02,1,3,0,7
2014-08-03 - 2014-08-09,1,3,0,6
2014-08-10 - 2014-08-16,1,3,0,5
2014-08-17 - 2014-08-23,1,3,0,10
2014-08-24 - 2014-08-30,1,3,0,6
2014-08-31 - 2014-09-06,1,3,0,5
2014-09-07 - 2014-09-13,1,4,0,5
2014-09-14 - 2014-09-20,1,3,0,6
2014-09-21 - 2014-09-27,1,4,0,8
2014-09-28 - 2014-10-04,1,3,0,8
2014-10-05 - 2014-10-11,1,3,0,5


Top regions for neutrino
Region,neutrino,graphene,magnetoresistance,bill clinton
Germany,100,6,0,12
Bosnia and Herzegovina,87,0,0,0
United Kingdom,56,16,23,20
Austria,54,6,0,14
Switzerland,38,10,0,17
Canada,35,12,0,43
Norway,34,6,0,26
United States,32,15,27,100
Italy,31,6,0,7
India,30,19,100,13
Czech Republic,30,7,0,10
Ireland,30,11,0,35
Netherlands,29,6,0,14
Singapore,28,41,0,26
Poland,28,3,0,7
New Zealand,25,10,0,22
Denmark,24,7,0,29
Sweden,23,9,0,19
Australia,23,12,0,24
France,23,5,0,10
Belgium,22,7,0,13
Spain,19,5,0,7
Romania,19,4,0,9
Hungary,19,0,0,10
Greece,19,7,0,6
Finland,16,7,0,11
Portugal,16,5,0,9
Colombia,13,0,0,8
Russia,12,3,0,2
Mexico,12,2,0,8
Brazil,10,2,0,6
Argentina,8,2,0,6
Indonesia,8,2,0,8
Japan,7,5,0,1
China,7,26,0,4
United Arab Emirates,0,0,0,16
Chile,0,0,0,7
Dominican Republic,0,0,0,22
Hong Kong,0,21,0,19
Croatia,0,0,0,8
Israel,0,7,0,9
Iran,0,26,0,0
Kenya,0,0,0,49
South Korea,0,100,0,10
Morocco,0,0,0,7
Malaysia,0,10,0,10
Nigeria,0,0,0,43
Peru,0,0,0,7
Philippines,0,8,0,15
Pakistan,0,8,0,11
Puerto Rico,0,0,0,34
Serbia,0,0,0,8
Saudi Arabia,0,3,0,3
Thailand,0,3,0,3
Turkey,0,2,0,4
Taiwan,0,27,0,3
Venezuela,0,0,0,8
Vietnam,0,4,0,10
South Africa,0,10,0,23

Top regions for graphene
Region,neutrino,graphene,magnetoresistance,bill clinton
South Korea,0,100,0,10
Singapore,28,41,0,26
Taiwan,0,27,0,3
Iran,0,26,0,0
China,7,26,0,4
Hong Kong,0,21,0,19
India,30,19,100,13
United Kingdom,56,16,23,20
United States,32,15,27,100
Australia,23,12,0,24
Canada,35,12,0,43
Ireland,30,11,0,35
Malaysia,0,10,0,10
New Zealand,25,10,0,22
South Africa,0,10,0,23
Switzerland,38,10,0,17
Sweden,23,9,0,19
Philippines,0,8,0,15
Pakistan,0,8,0,11
Greece,19,7,0,6
Finland,16,7,0,11
Czech Republic,30,7,0,10
Israel,0,7,0,9
Belgium,22,7,0,13
Denmark,24,7,0,29
Germany,100,6,0,12
Austria,54,6,0,14
Norway,34,6,0,26
Netherlands,29,6,0,14
Italy,31,6,0,7
France,23,5,0,10
Portugal,16,5,0,9
Spain,19,5,0,7
Japan,7,5,0,1
Romania,19,4,0,9
Vietnam,0,4,0,10
Thailand,0,3,0,3
Saudi Arabia,0,3,0,3
Poland,28,3,0,7
Russia,12,3,0,2
Indonesia,8,2,0,8
Mexico,12,2,0,8
Brazil,10,2,0,6
Turkey,0,2,0,4
Argentina,8,2,0,6
United Arab Emirates,0,0,0,16
Bosnia and Herzegovina,87,0,0,0
Chile,0,0,0,7
Colombia,13,0,0,8
Dominican Republic,0,0,0,22
Croatia,0,0,0,8
Hungary,19,0,0,10
Kenya,0,0,0,49
Morocco,0,0,0,7
Nigeria,0,0,0,43
Peru,0,0,0,7
Puerto Rico,0,0,0,34
Serbia,0,0,0,8
Venezuela,0,0,0,8

Top regions for magnetoresistance
Region,neutrino,graphene,magnetoresistance,bill clinton
India,30,19,100,13
United States,32,15,27,100
United Kingdom,56,16,23,20
United Arab Emirates,0,0,0,16
Argentina,8,2,0,6
Austria,54,6,0,14
Australia,23,12,0,24
Bosnia and Herzegovina,87,0,0,0
Belgium,22,7,0,13
Brazil,10,2,0,6
Canada,35,12,0,43
Switzerland,38,10,0,17
Chile,0,0,0,7
China,7,26,0,4
Colombia,13,0,0,8
Czech Republic,30,7,0,10
Germany,100,6,0,12
Denmark,24,7,0,29
Dominican Republic,0,0,0,22
Spain,19,5,0,7
Finland,16,7,0,11
France,23,5,0,10
Greece,19,7,0,6
Hong Kong,0,21,0,19
Croatia,0,0,0,8
Hungary,19,0,0,10
Indonesia,8,2,0,8
Ireland,30,11,0,35
Israel,0,7,0,9
Iran,0,26,0,0
Italy,31,6,0,7
Japan,7,5,0,1
Kenya,0,0,0,49
South Korea,0,100,0,10
Morocco,0,0,0,7
Mexico,12,2,0,8
Malaysia,0,10,0,10
Nigeria,0,0,0,43
Netherlands,29,6,0,14
Norway,34,6,0,26
New Zealand,25,10,0,22
Peru,0,0,0,7
Philippines,0,8,0,15
Pakistan,0,8,0,11
Poland,28,3,0,7
Puerto Rico,0,0,0,34
Portugal,16,5,0,9
Romania,19,4,0,9
Serbia,0,0,0,8
Russia,12,3,0,2
Saudi Arabia,0,3,0,3
Sweden,23,9,0,19
Singapore,28,41,0,26
Thailand,0,3,0,3
Turkey,0,2,0,4
Taiwan,0,27,0,3
Venezuela,0,0,0,8
Vietnam,0,4,0,10
South Africa,0,10,0,23

Top regions for bill clinton
Region,neutrino,graphene,magnetoresistance,bill clinton
United States,32,15,27,100
Kenya,0,0,0,49
Canada,35,12,0,43
Nigeria,0,0,0,43
Ireland,30,11,0,35
Puerto Rico,0,0,0,34
Denmark,24,7,0,29
Singapore,28,41,0,26
Norway,34,6,0,26
Australia,23,12,0,24
South Africa,0,10,0,23
New Zealand,25,10,0,22
Dominican Republic,0,0,0,22
United Kingdom,56,16,23,20
Sweden,23,9,0,19
Hong Kong,0,21,0,19
Switzerland,38,10,0,17
United Arab Emirates,0,0,0,16
Philippines,0,8,0,15
Austria,54,6,0,14
Netherlands,29,6,0,14
Belgium,22,7,0,13
India,30,19,100,13
Germany,100,6,0,12
Finland,16,7,0,11
Pakistan,0,8,0,11
Hungary,19,0,0,10
South Korea,0,100,0,10
Vietnam,0,4,0,10
Czech Republic,30,7,0,10
France,23,5,0,10
Malaysia,0,10,0,10
Romania,19,4,0,9
Portugal,16,5,0,9
Israel,0,7,0,9
Colombia,13,0,0,8
Croatia,0,0,0,8
Mexico,12,2,0,8
Serbia,0,0,0,8
Indonesia,8,2,0,8
Venezuela,0,0,0,8
Peru,0,0,0,7
Chile,0,0,0,7
Italy,31,6,0,7
Poland,28,3,0,7
Morocco,0,0,0,7
Spain,19,5,0,7
Greece,19,7,0,6
Brazil,10,2,0,6
Argentina,8,2,0,6
China,7,26,0,4
Turkey,0,2,0,4
Taiwan,0,27,0,3
Saudi Arabia,0,3,0,3
Thailand,0,3,0,3
Russia,12,3,0,2
Japan,7,5,0,1
Bosnia and Herzegovina,87,0,0,0
Iran,0,26,0,0


Top cities for neutrino
City,neutrino
Dortmund (Germany),100
Frankfurt (Germany),61
Hanover (Germany),59
Hamburg (Germany),59
Stuttgart (Germany),54
Munich (Germany),54
Cologne (Germany),49
Berlin (Germany),46
London (United Kingdom),38
Manchester (United Kingdom),37
Vienna (Austria),36
Seattle (United States),28
Toronto (Canada),23
Warsaw (Poland),22
Rome (Italy),21

Top cities for graphene
City,graphene
Suwon-si (South Korea),100
Daejeon (South Korea),83
Seoul (South Korea),21
Cambridge (United States),18
Cambridge (United Kingdom),13
Singapore (Singapore),11
Beijing (China),10
Manchester (United Kingdom),7
TehrƒÅn (Iran),7
Shanghai (China),7
Austin (United States),6
Bangalore (India),6
Melbourne (Australia),6
Chennai (India),6
Sydney (Australia),5

Top cities for magnetoresistance
City,magnetoresistance
Seoul (South Korea),100
Singapore (Singapore),77
New Delhi (India),76
Chennai (India),74
Beijing (China),73
Mumbai (India),54

Top cities for bill clinton
City,bill clinton
Washington (United States),100
New York (United States),85
Boston (United States),74
Philadelphia (United States),72
St. Louis (United States),69
Chicago (United States),67
Los Angeles (United States),67
Miami (United States),66
San Francisco (United States),66
Atlanta (United States),65
Austin (United States),63
Minneapolis (United States),63
Orlando (United States),61
Seattle (United States),60
Dallas (United States),60



Top searches for neutrino
rab neutrino,100
faster than light,100
neutrino dbox,85
dbox,85
oxide neutrino,85
dbox2 neutrino,80
dbox2,80
neutrinos,75
neutrino mass,65
neutrino download,65
neutrino linux,65
neutrino image,60
oxide and neutrino,60
what is neutrino,55
neutrino speed,55
qnx,50
qnx neutrino,45
neutrino detector,45
neutrino physics,45
neutrino cern,45
electron neutrino,45
solar neutrino,40
neutrino endurance,40
rab neutrino endurance,40
neutrino wiki,35
neutrino observatory,30
neutrino experiment,30
neutrino oscillation,30
mass of neutrino,30
muon neutrino,25
neutrino hd,25
neutrino premiere,20
neutrino 2012,20
neutrino endurance jacket,20
neutrino dreambox,20
opera neutrino,20
wikipedia neutrino,20
neutrino particles,20
neutrino anleitung,20
icecube,20
icecube neutrino,15
neutrino tv,15
tau neutrino,15
dbox 2 neutrino,15
nutrino,15
neutrino oscillations,15
antineutrino,15


Top searches for graphene
graphene oxide,100
head graphene,70
graphene properties,40
graphene synthesis,35
properties of graphene,30
graphene structure,30
head graphene speed,30
what is graphene,30
graphene battery,25
graphene energy,25
graphene raman,25
head youtek graphene,25
graphene stock,25
graphene review,25
graphene applications,25
carbon nanotubes,20
supercapacitor graphene,20
supercapacitor,20
graphene sheets,20
graphene conductivity,20
graphene speed pro,20
graphene companies,20
wiki graphene,15
graphene wordpress,15
structure of graphene,15
graphene research,15
graphene technology,15
bilayer graphene,15
reduced graphene oxide,15
graphene nanoribbons,15
graphene 2014,15
graphene transistor,15
graphene news,15
graphene cvd,15
graphene transistors,15
graphene uses,15
graphene theme,15
graphene sheet,15
head graphene radical,15
graphene paper,15
graphene production,15
nobel prize graphene,15
graphen,10
graphene price,10
graphine,10
graphene transfer,10
applications of graphene,10
graphene nanoribbon,10
epitaxial graphene,10
graphene electronics,10


Top searches for magnetoresistance
giant magnetoresistance,100
magnetoresistance effect,30
colossal magnetoresistance,25
tunnel magnetoresistance,25
anisotropic magnetoresistance,25
tunneling magnetoresistance,20
gmr giant magnetoresistance,15
magnetoresistance sensor,10
graphene magnetoresistance,10
amr magnetoresistance,5


Top searches for bill clinton
president bill clinton,100
president clinton,100
bill clinton obama,95
hillary clinton,90
george clinton,80
george bush,65
bill clinton monica,60
clinton speech,55
bill clinton speech,55
monica lewinsky,45
clinton impeachment,30
bill clinton impeachment,30
impeachment,30
bill clinton dnc,25
bill clinton impeached,25
bill clinton scandal,25
george w bush,20
bill clinton biography,20
bill clinton news,20
bill clinton wiki,20
bill clinton quotes,20
hilary clinton,20
bill clinton foundation,15
clinton foundation,15
william clinton,15
chelsea clinton,15
jimmy carter,15
bill clinton book,15
bill clinton age,15
bill clinton health,15
bill clinton presidency,15
bill clinton affair,10
bill clinton pictures,10
bill clinton college,10
wikipedia bill clinton,10
bill clinton library,10
bill clinton facts,10
bill clinton diet,10
george w. bush,10
bill clinton vegan,10
bill clinton interview,10
young bill clinton,10
bill clinton twitter,10
bill clinton cigar,5
bill clinton birthday,5



Rising searches for neutrino
faster than light,Breakout
neutrino cern,Breakout
neutrino speed,Breakout
rab neutrino,Breakout
neutrino mass,+190%
what is neutrino,+190%
neutrino detector,+180%
electron neutrino,+150%
neutrinos,+150%
neutrino physics,+120%


Rising searches for graphene
graphene battery,Breakout
graphene energy,Breakout
graphene oxide,Breakout
graphene properties,Breakout
graphene raman,Breakout
graphene structure,Breakout
graphene synthesis,Breakout
head graphene,Breakout
head graphene speed,Breakout
properties of graphene,Breakout


Rising searches for magnetoresistance
anisotropic magnetoresistance,Breakout
colossal magnetoresistance,Breakout
gmr giant magnetoresistance,Breakout
graphene magnetoresistance,Breakout
magnetoresistance effect,Breakout
magnetoresistance sensor,Breakout
tunnel magnetoresistance,Breakout
tunneling magnetoresistance,Breakout
giant magnetoresistance,+80%


Rising searches for bill clinton
bill clinton obama,Breakout
bill clinton wiki,Breakout
bill clinton impeached,+300%
bill clinton dnc,+250%
hillary clinton,+130%
monica lewinsky,+120%
bill clinton impeachment,+60%
bill clinton scandal,+60%
impeachment,+60%
clinton impeachment,+50%



